userId,firstName,lastName,email,password,phoneNumber,role,accountStatus,createdDate
user_1,ep257,hcmo1,user1@prms.com,hashed_password_placeholder,555-123-0001,Tenant,Active,2026-01-01
user_2,8plfq,7g6yr,user2@prms.com,hashed_password_placeholder,555-123-0002,Administrator,Active,2026-01-01
user_3,91t8o,gl3yk,user3@prms.com,hashed_password_placeholder,555-123-0003,Landlord,Active,2026-01-01
user_4,uo413,xbz8r,user4@prms.com,hashed_password_placeholder,555-123-0004,Administrator,Active,2026-01-01
user_5,th8et,yw7ht,user5@prms.com,hashed_password_placeholder,555-123-0005,Administrator,Active,2026-01-01
user_6,w9vwf,y1wfr,user6@prms.com,hashed_password_placeholder,555-123-0006,Landlord,Active,2026-01-01
user_7,gfhe1,ac680,user7@prms.com,hashed_password_placeholder,555-123-0007,Landlord,Active,2026-01-01
user_8,urq4a,61vvc,user8@prms.com,hashed_password_placeholder,555-123-0008,Administrator,Active,2026-01-01
user_9,pmcfe,58emo,user9@prms.com,hashed_password_placeholder,555-123-0009,Administrator,Active,2026-01-01
user_10,xhaiw,2wbia,user10@prms.com,hashed_password_placeholder,555-123-0010,Landlord,Active,2026-01-01
user_11,60rt7,05qat,user11@prms.com,hashed_password_placeholder,555-123-0011,Administrator,Active,2026-01-01
user_12,lxmj2,yw23j,user12@prms.com,hashed_password_placeholder,555-123-0012,Tenant,Active,2026-01-01
user_13,as33w,fqhud,user13@prms.com,hashed_password_placeholder,555-123-0013,Administrator,Active,2026-01-01
user_14,tzzh8,0c6aa,user14@prms.com,hashed_password_placeholder,555-123-0014,Tenant,Active,2026-01-01
user_15,gus3k,2q3n8,user15@prms.com,hashed_password_placeholder,555-123-0015,Landlord,Active,2026-01-01
user_16,vwesz,ijsyz,user16@prms.com,hashed_password_placeholder,555-123-0016,Administrator,Active,2026-01-01
user_17,qrer6,p6ycq,user17@prms.com,hashed_password_placeholder,555-123-0017,Landlord,Active,2026-01-01
user_18,meqph,howrq,user18@prms.com,hashed_password_placeholder,555-123-0018,Administrator,Active,2026-01-01
user_19,hii6l,ohtx4,user19@prms.com,hashed_password_placeholder,555-123-0019,Tenant,Active,2026-01-01
user_20,8tk6k,82div,user20@prms.com,hashed_password_placeholder,555-123-0020,Tenant,Active,2026-01-01
user_21,0fhuq,k3c1d,user21@prms.com,hashed_password_placeholder,555-123-0021,Administrator,Active,2026-01-01
user_22,3okb0,jdupy,user22@prms.com,hashed_password_placeholder,555-123-0022,Tenant,Active,2026-01-01
user_23,zmw4g,p9xz2,user23@prms.com,hashed_password_placeholder,555-123-0023,Tenant,Active,2026-01-01
user_24,ahumm,mvhvm,user24@prms.com,hashed_password_placeholder,555-123-0024,Tenant,Active,2026-01-01
user_25,w2ksh,d9xfe,user25@prms.com,hashed_password_placeholder,555-123-0025,Tenant,Active,2026-01-01
user_26,h8nr5,x9izm,user26@prms.com,hashed_password_placeholder,555-123-0026,Tenant,Active,2026-01-01
user_27,1h16h,1r3ws,user27@prms.com,hashed_password_placeholder,555-123-0027,Landlord,Active,2026-01-01
user_28,qqh9q,ia7de,user28@prms.com,hashed_password_placeholder,555-123-0028,Administrator,Active,2026-01-01
user_29,a750d,c8ywy,user29@prms.com,hashed_password_placeholder,555-123-0029,Landlord,Active,2026-01-01
user_30,2l0qf,ciylj,user30@prms.com,hashed_password_placeholder,555-123-0030,Landlord,Active,2026-01-01
user_31,feb7t,7pia5,user31@prms.com,hashed_password_placeholder,555-123-0031,Landlord,Active,2026-01-01
user_32,i5z9y,9urrg,user32@prms.com,hashed_password_placeholder,555-123-0032,Administrator,Active,2026-01-01
user_33,qzcp9,6zcud,user33@prms.com,hashed_password_placeholder,555-123-0033,Tenant,Active,2026-01-01
user_34,62ka1,4hd59,user34@prms.com,hashed_password_placeholder,555-123-0034,Tenant,Active,2026-01-01
user_35,o74rb,6zk2p,user35@prms.com,hashed_password_placeholder,555-123-0035,Tenant,Active,2026-01-01
user_36,q0mqe,c7l1m,user36@prms.com,hashed_password_placeholder,555-123-0036,Administrator,Active,2026-01-01
user_37,kxiy7,ntqwb,user37@prms.com,hashed_password_placeholder,555-123-0037,Administrator,Active,2026-01-01
user_38,hphgh,dm9hp,user38@prms.com,hashed_password_placeholder,555-123-0038,Administrator,Active,2026-01-01
user_39,dhblt,71y7h,user39@prms.com,hashed_password_placeholder,555-123-0039,Tenant,Active,2026-01-01
user_40,gp3p1,s11g3,user40@prms.com,hashed_password_placeholder,555-123-0040,Tenant,Active,2026-01-01
user_41,9dvr9,20a89,user41@prms.com,hashed_password_placeholder,555-123-0041,Tenant,Active,2026-01-01
user_42,7cbmb,gtzlx,user42@prms.com,hashed_password_placeholder,555-123-0042,Landlord,Active,2026-01-01
user_43,kejms,9t6xu,user43@prms.com,hashed_password_placeholder,555-123-0043,Tenant,Active,2026-01-01
user_44,qglao,fgfdk,user44@prms.com,hashed_password_placeholder,555-123-0044,Tenant,Active,2026-01-01
user_45,wdkkl,09ocb,user45@prms.com,hashed_password_placeholder,555-123-0045,Administrator,Active,2026-01-01
user_46,nmmbw,qqjs2,user46@prms.com,hashed_password_placeholder,555-123-0046,Tenant,Active,2026-01-01
user_47,6fmlv,gz26w,user47@prms.com,hashed_password_placeholder,555-123-0047,Landlord,Active,2026-01-01
user_48,umi7p,vdliq,user48@prms.com,hashed_password_placeholder,555-123-0048,Tenant,Active,2026-01-01
user_49,2vhzw,ukbw1,user49@prms.com,hashed_password_placeholder,555-123-0049,Tenant,Active,2026-01-01
user_50,xf2sw,p7veu,user50@prms.com,hashed_password_placeholder,555-123-0050,Landlord,Active,2026-01-01
user_51,0qfd3,ywk97,user51@prms.com,hashed_password_placeholder,555-123-0051,Administrator,Active,2026-01-01
user_52,rgwle,avbux,user52@prms.com,hashed_password_placeholder,555-123-0052,Landlord,Active,2026-01-01
user_53,hygf4,ea93q,user53@prms.com,hashed_password_placeholder,555-123-0053,Administrator,Active,2026-01-01
user_54,604q6,5qek3,user54@prms.com,hashed_password_placeholder,555-123-0054,Administrator,Active,2026-01-01
user_55,jmie8,cc1qi,user55@prms.com,hashed_password_placeholder,555-123-0055,Landlord,Active,2026-01-01
user_56,4zbc2,axyb6,user56@prms.com,hashed_password_placeholder,555-123-0056,Landlord,Active,2026-01-01
user_57,3bm77,dik7k,user57@prms.com,hashed_password_placeholder,555-123-0057,Administrator,Active,2026-01-01
user_58,9o95a,gwkj8,user58@prms.com,hashed_password_placeholder,555-123-0058,Landlord,Active,2026-01-01
user_59,iujbd,gnn8t,user59@prms.com,hashed_password_placeholder,555-123-0059,Tenant,Active,2026-01-01
user_60,a47x1,l3abb,user60@prms.com,hashed_password_placeholder,555-123-0060,Administrator,Active,2026-01-01
user_61,g1v3e,24vbt,user61@prms.com,hashed_password_placeholder,555-123-0061,Administrator,Active,2026-01-01
user_62,7p2zo,3806v,user62@prms.com,hashed_password_placeholder,555-123-0062,Administrator,Active,2026-01-01
user_63,ox19b,4eimu,user63@prms.com,hashed_password_placeholder,555-123-0063,Landlord,Active,2026-01-01
user_64,iqpy4,amndu,user64@prms.com,hashed_password_placeholder,555-123-0064,Tenant,Active,2026-01-01
user_65,4tbku,0r2wy,user65@prms.com,hashed_password_placeholder,555-123-0065,Administrator,Active,2026-01-01
user_66,mf7fy,ma0mv,user66@prms.com,hashed_password_placeholder,555-123-0066,Tenant,Active,2026-01-01
user_67,bpiau,mim3i,user67@prms.com,hashed_password_placeholder,555-123-0067,Landlord,Active,2026-01-01
user_68,zcb18,lrxmn,user68@prms.com,hashed_password_placeholder,555-123-0068,Landlord,Active,2026-01-01
user_69,ezwh8,kur4y,user69@prms.com,hashed_password_placeholder,555-123-0069,Landlord,Active,2026-01-01
user_70,lw13c,d8ele,user70@prms.com,hashed_password_placeholder,555-123-0070,Landlord,Active,2026-01-01
user_71,a35ob,5yjsy,user71@prms.com,hashed_password_placeholder,555-123-0071,Landlord,Active,2026-01-01
user_72,7qu8n,wetju,user72@prms.com,hashed_password_placeholder,555-123-0072,Administrator,Active,2026-01-01
user_73,xn47k,6no11,user73@prms.com,hashed_password_placeholder,555-123-0073,Landlord,Active,2026-01-01
user_74,wafn2,wohb0,user74@prms.com,hashed_password_placeholder,555-123-0074,Tenant,Active,2026-01-01
user_75,2j35b,du38h,user75@prms.com,hashed_password_placeholder,555-123-0075,Landlord,Active,2026-01-01
user_76,qcc22,hht7h,user76@prms.com,hashed_password_placeholder,555-123-0076,Tenant,Active,2026-01-01
user_77,y0rdj,qymvl,user77@prms.com,hashed_password_placeholder,555-123-0077,Tenant,Active,2026-01-01
user_78,biwub,qdhrh,user78@prms.com,hashed_password_placeholder,555-123-0078,Administrator,Active,2026-01-01
user_79,ju25u,pjn6f,user79@prms.com,hashed_password_placeholder,555-123-0079,Administrator,Active,2026-01-01
user_80,2a6ue,2754e,user80@prms.com,hashed_password_placeholder,555-123-0080,Tenant,Active,2026-01-01
user_81,09qv1,3j4nc,user81@prms.com,hashed_password_placeholder,555-123-0081,Landlord,Active,2026-01-01
user_82,2d432,o7yme,user82@prms.com,hashed_password_placeholder,555-123-0082,Administrator,Active,2026-01-01
user_83,8jbeh,mlbkz,user83@prms.com,hashed_password_placeholder,555-123-0083,Landlord,Active,2026-01-01
user_84,qz38k,3pyfy,user84@prms.com,hashed_password_placeholder,555-123-0084,Administrator,Active,2026-01-01
user_85,rxblz,f857f,user85@prms.com,hashed_password_placeholder,555-123-0085,Administrator,Active,2026-01-01
user_86,dx1rp,5hna8,user86@prms.com,hashed_password_placeholder,555-123-0086,Tenant,Active,2026-01-01
user_87,2cw1p,vexbx,user87@prms.com,hashed_password_placeholder,555-123-0087,Tenant,Active,2026-01-01
user_88,fdawr,99eev,user88@prms.com,hashed_password_placeholder,555-123-0088,Administrator,Active,2026-01-01
user_89,nnx91,yegkj,user89@prms.com,hashed_password_placeholder,555-123-0089,Tenant,Active,2026-01-01
user_90,4osan,ape0w,user90@prms.com,hashed_password_placeholder,555-123-0090,Tenant,Active,2026-01-01
user_91,4q7t2,2vzez,user91@prms.com,hashed_password_placeholder,555-123-0091,Tenant,Active,2026-01-01
user_92,3k7a5,xbder,user92@prms.com,hashed_password_placeholder,555-123-0092,Tenant,Active,2026-01-01
user_93,uc97m,xwsrb,user93@prms.com,hashed_password_placeholder,555-123-0093,Administrator,Active,2026-01-01
user_94,lde3c,ogws0,user94@prms.com,hashed_password_placeholder,555-123-0094,Tenant,Active,2026-01-01
user_95,fkkfk,22amq,user95@prms.com,hashed_password_placeholder,555-123-0095,Tenant,Active,2026-01-01
user_96,ew0tp,lz3k3,user96@prms.com,hashed_password_placeholder,555-123-0096,Tenant,Active,2026-01-01
user_97,xtre1,kp9s3,user97@prms.com,hashed_password_placeholder,555-123-0097,Tenant,Active,2026-01-01
user_98,iczji,7gzi4,user98@prms.com,hashed_password_placeholder,555-123-0098,Tenant,Active,2026-01-01
user_99,udypl,im4a4,user99@prms.com,hashed_password_placeholder,555-123-0099,Landlord,Active,2026-01-01
user_100,av5uj,60nyz,user100@prms.com,hashed_password_placeholder,555-123-0100,Landlord,Active,2026-01-01
user_101,John,Smith,john@test.com,Password123,0123456789,Tenant,,
